URL,Title,Brand,SKU Density,Size Options,Color Options,Availability,DeliveryEstimate,Seller
https://www.amazon.in/Lymio-Printed-T-Shirt-T-36-39-Regular/dp/B0DF7DYRRP/ref=sr_1_1?dib=eyJ2IjoiMSJ9.hSKYRKTD10ZojdwPhNLMTF5oDC7GswWijLM5oJaTsjMP9pUD1y6Bxr4Ggajims9l6tE-HWTzkpSJ8wJO4iBc4K8wsAGDF_cj0v0ldXM9ZnjktTvxWBZs1iIW6EejtrSiZyuNUhlmMxqxHuRWuI1oKom0MPaCe296d88J-MJo_Jv4hrn2oa5RDxS8lBuwUaw7VcCI3drZxK880pt_It-tPAslfrIgB0UXpvlBwPaMg-qaCZtjXtkPKK2zQfi-zXshjJ8Ho02lHLRqaOBuywmFafzpZECrasryxk4fFWnCboA.x7ZWwYx2EuTGOgjR9SjPTdPA9uiSv5qr4v0AxTUau6Y&dib_tag=se&keywords=mens+t+-shirts&qid=1750240535&sr=8-1,Lymio Men T-Shirt || T-Shirt for Men (T-36-39),Visit the Lymio Store,17,"[<selenium.webdriver.remote.webelement.WebElement (session=""d721f3dcbb1efc2b3e00e1496b584f05"", element=""f.D40A51E449A6624DFD1BC0BC22B47AFF.d.3D4B141D82F51FB80823140274B93005.e.240"")>, <selenium.webdriver.remote.webelement.WebElement (session=""d721f3dcbb1efc2b3e00e1496b584f05"", element=""f.D40A51E449A6624DFD1BC0BC22B47AFF.d.3D4B141D82F51FB80823140274B93005.e.241"")>, <selenium.webdriver.remote.webelement.WebElement (session=""d721f3dcbb1efc2b3e00e1496b584f05"", element=""f.D40A51E449A6624DFD1BC0BC22B47AFF.d.3D4B141D82F51FB80823140274B93005.e.242"")>, <selenium.webdriver.remote.webelement.WebElement (session=""d721f3dcbb1efc2b3e00e1496b584f05"", element=""f.D40A51E449A6624DFD1BC0BC22B47AFF.d.3D4B141D82F51FB80823140274B93005.e.243"")>, <selenium.webdriver.remote.webelement.WebElement (session=""d721f3dcbb1efc2b3e00e1496b584f05"", element=""f.D40A51E449A6624DFD1BC0BC22B47AFF.d.3D4B141D82F51FB80823140274B93005.e.244"")>, <selenium.webdriver.remote.webelement.WebElement (session=""d721f3dcbb1efc2b3e00e1496b584f05"", element=""f.D40A51E449A6624DFD1BC0BC22B47AFF.d.3D4B141D82F51FB80823140274B93005.e.245"")>, <selenium.webdriver.remote.webelement.WebElement (session=""d721f3dcbb1efc2b3e00e1496b584f05"", element=""f.D40A51E449A6624DFD1BC0BC22B47AFF.d.3D4B141D82F51FB80823140274B93005.e.246"")>]","[<selenium.webdriver.remote.webelement.WebElement (session=""d721f3dcbb1efc2b3e00e1496b584f05"", element=""f.D40A51E449A6624DFD1BC0BC22B47AFF.d.3D4B141D82F51FB80823140274B93005.e.248"")>, <selenium.webdriver.remote.webelement.WebElement (session=""d721f3dcbb1efc2b3e00e1496b584f05"", element=""f.D40A51E449A6624DFD1BC0BC22B47AFF.d.3D4B141D82F51FB80823140274B93005.e.249"")>, <selenium.webdriver.remote.webelement.WebElement (session=""d721f3dcbb1efc2b3e00e1496b584f05"", element=""f.D40A51E449A6624DFD1BC0BC22B47AFF.d.3D4B141D82F51FB80823140274B93005.e.250"")>, <selenium.webdriver.remote.webelement.WebElement (session=""d721f3dcbb1efc2b3e00e1496b584f05"", element=""f.D40A51E449A6624DFD1BC0BC22B47AFF.d.3D4B141D82F51FB80823140274B93005.e.251"")>, <selenium.webdriver.remote.webelement.WebElement (session=""d721f3dcbb1efc2b3e00e1496b584f05"", element=""f.D40A51E449A6624DFD1BC0BC22B47AFF.d.3D4B141D82F51FB80823140274B93005.e.252"")>, <selenium.webdriver.remote.webelement.WebElement (session=""d721f3dcbb1efc2b3e00e1496b584f05"", element=""f.D40A51E449A6624DFD1BC0BC22B47AFF.d.3D4B141D82F51FB80823140274B93005.e.253"")>, <selenium.webdriver.remote.webelement.WebElement (session=""d721f3dcbb1efc2b3e00e1496b584f05"", element=""f.D40A51E449A6624DFD1BC0BC22B47AFF.d.3D4B141D82F51FB80823140274B93005.e.254"")>, <selenium.webdriver.remote.webelement.WebElement (session=""d721f3dcbb1efc2b3e00e1496b584f05"", element=""f.D40A51E449A6624DFD1BC0BC22B47AFF.d.3D4B141D82F51FB80823140274B93005.e.255"")>, <selenium.webdriver.remote.webelement.WebElement (session=""d721f3dcbb1efc2b3e00e1496b584f05"", element=""f.D40A51E449A6624DFD1BC0BC22B47AFF.d.3D4B141D82F51FB80823140274B93005.e.256"")>, <selenium.webdriver.remote.webelement.WebElement (session=""d721f3dcbb1efc2b3e00e1496b584f05"", element=""f.D40A51E449A6624DFD1BC0BC22B47AFF.d.3D4B141D82F51FB80823140274B93005.e.257"")>]",In stock,"FREE delivery Friday, 20 June on your first order. Order within 8 hrs 33 mins. Details",Cocoblu Retail
https://www.amazon.in/Lymio-T-Shirt-Solid-40-43-Regular/dp/B0DKTKGWYZ/ref=sr_1_2?dib=eyJ2IjoiMSJ9.hSKYRKTD10ZojdwPhNLMTF5oDC7GswWijLM5oJaTsjMP9pUD1y6Bxr4Ggajims9l6tE-HWTzkpSJ8wJO4iBc4K8wsAGDF_cj0v0ldXM9ZnjktTvxWBZs1iIW6EejtrSiZyuNUhlmMxqxHuRWuI1oKom0MPaCe296d88J-MJo_Jv4hrn2oa5RDxS8lBuwUaw7VcCI3drZxK880pt_It-tPAslfrIgB0UXpvlBwPaMg-qaCZtjXtkPKK2zQfi-zXshjJ8Ho02lHLRqaOBuywmFafzpZECrasryxk4fFWnCboA.x7ZWwYx2EuTGOgjR9SjPTdPA9uiSv5qr4v0AxTUau6Y&dib_tag=se&keywords=mens+t+-shirts&qid=1750240535&sr=8-2,Lymio Men T-Shirt || T-Shirt for Men || Solid T Shirt || T-Shirt (T 40-43),Visit the Lymio Store,9,"[<selenium.webdriver.remote.webelement.WebElement (session=""d721f3dcbb1efc2b3e00e1496b584f05"", element=""f.D40A51E449A6624DFD1BC0BC22B47AFF.d.76BE9F3DE0F00F8517313F620D5CB84C.e.325"")>, <selenium.webdriver.remote.webelement.WebElement (session=""d721f3dcbb1efc2b3e00e1496b584f05"", element=""f.D40A51E449A6624DFD1BC0BC22B47AFF.d.76BE9F3DE0F00F8517313F620D5CB84C.e.326"")>, <selenium.webdriver.remote.webelement.WebElement (session=""d721f3dcbb1efc2b3e00e1496b584f05"", element=""f.D40A51E449A6624DFD1BC0BC22B47AFF.d.76BE9F3DE0F00F8517313F620D5CB84C.e.327"")>, <selenium.webdriver.remote.webelement.WebElement (session=""d721f3dcbb1efc2b3e00e1496b584f05"", element=""f.D40A51E449A6624DFD1BC0BC22B47AFF.d.76BE9F3DE0F00F8517313F620D5CB84C.e.328"")>, <selenium.webdriver.remote.webelement.WebElement (session=""d721f3dcbb1efc2b3e00e1496b584f05"", element=""f.D40A51E449A6624DFD1BC0BC22B47AFF.d.76BE9F3DE0F00F8517313F620D5CB84C.e.329"")>]","[<selenium.webdriver.remote.webelement.WebElement (session=""d721f3dcbb1efc2b3e00e1496b584f05"", element=""f.D40A51E449A6624DFD1BC0BC22B47AFF.d.76BE9F3DE0F00F8517313F620D5CB84C.e.331"")>, <selenium.webdriver.remote.webelement.WebElement (session=""d721f3dcbb1efc2b3e00e1496b584f05"", element=""f.D40A51E449A6624DFD1BC0BC22B47AFF.d.76BE9F3DE0F00F8517313F620D5CB84C.e.332"")>, <selenium.webdriver.remote.webelement.WebElement (session=""d721f3dcbb1efc2b3e00e1496b584f05"", element=""f.D40A51E449A6624DFD1BC0BC22B47AFF.d.76BE9F3DE0F00F8517313F620D5CB84C.e.333"")>, <selenium.webdriver.remote.webelement.WebElement (session=""d721f3dcbb1efc2b3e00e1496b584f05"", element=""f.D40A51E449A6624DFD1BC0BC22B47AFF.d.76BE9F3DE0F00F8517313F620D5CB84C.e.334"")>]",In stock,"FREE delivery Friday, 20 June on your first order. Details
Or fastest delivery Tomorrow, 19 June. Order within 8 hrs 32 mins. Details",Cocoblu Retail
https://www.amazon.in/JVX-T-Shirt-Tshirt-Shirt-MRT-211/dp/B0DVSYKVJ3/ref=sr_1_3?dib=eyJ2IjoiMSJ9.hSKYRKTD10ZojdwPhNLMTF5oDC7GswWijLM5oJaTsjMP9pUD1y6Bxr4Ggajims9l6tE-HWTzkpSJ8wJO4iBc4K8wsAGDF_cj0v0ldXM9ZnjktTvxWBZs1iIW6EejtrSiZyuNUhlmMxqxHuRWuI1oKom0MPaCe296d88J-MJo_Jv4hrn2oa5RDxS8lBuwUaw7VcCI3drZxK880pt_It-tPAslfrIgB0UXpvlBwPaMg-qaCZtjXtkPKK2zQfi-zXshjJ8Ho02lHLRqaOBuywmFafzpZECrasryxk4fFWnCboA.x7ZWwYx2EuTGOgjR9SjPTdPA9uiSv5qr4v0AxTUau6Y&dib_tag=se&keywords=mens+t+-shirts&qid=1750240535&sr=8-3,JVX Men T-Shirt || Tshirt for Men || Polo T Shirt || Tshirt (MRT-211),Brand: JVX,9,"[<selenium.webdriver.remote.webelement.WebElement (session=""d721f3dcbb1efc2b3e00e1496b584f05"", element=""f.D40A51E449A6624DFD1BC0BC22B47AFF.d.566A71613A8AA9FFB139DB0FCC0A4345.e.392"")>, <selenium.webdriver.remote.webelement.WebElement (session=""d721f3dcbb1efc2b3e00e1496b584f05"", element=""f.D40A51E449A6624DFD1BC0BC22B47AFF.d.566A71613A8AA9FFB139DB0FCC0A4345.e.393"")>, <selenium.webdriver.remote.webelement.WebElement (session=""d721f3dcbb1efc2b3e00e1496b584f05"", element=""f.D40A51E449A6624DFD1BC0BC22B47AFF.d.566A71613A8AA9FFB139DB0FCC0A4345.e.394"")>, <selenium.webdriver.remote.webelement.WebElement (session=""d721f3dcbb1efc2b3e00e1496b584f05"", element=""f.D40A51E449A6624DFD1BC0BC22B47AFF.d.566A71613A8AA9FFB139DB0FCC0A4345.e.395"")>, <selenium.webdriver.remote.webelement.WebElement (session=""d721f3dcbb1efc2b3e00e1496b584f05"", element=""f.D40A51E449A6624DFD1BC0BC22B47AFF.d.566A71613A8AA9FFB139DB0FCC0A4345.e.396"")>]","[<selenium.webdriver.remote.webelement.WebElement (session=""d721f3dcbb1efc2b3e00e1496b584f05"", element=""f.D40A51E449A6624DFD1BC0BC22B47AFF.d.566A71613A8AA9FFB139DB0FCC0A4345.e.398"")>, <selenium.webdriver.remote.webelement.WebElement (session=""d721f3dcbb1efc2b3e00e1496b584f05"", element=""f.D40A51E449A6624DFD1BC0BC22B47AFF.d.566A71613A8AA9FFB139DB0FCC0A4345.e.399"")>, <selenium.webdriver.remote.webelement.WebElement (session=""d721f3dcbb1efc2b3e00e1496b584f05"", element=""f.D40A51E449A6624DFD1BC0BC22B47AFF.d.566A71613A8AA9FFB139DB0FCC0A4345.e.400"")>, <selenium.webdriver.remote.webelement.WebElement (session=""d721f3dcbb1efc2b3e00e1496b584f05"", element=""f.D40A51E449A6624DFD1BC0BC22B47AFF.d.566A71613A8AA9FFB139DB0FCC0A4345.e.401"")>]",In stock,"FREE delivery Friday, 20 June on your first order. Order within 8 hrs 32 mins. Details",Cocoblu Retail
https://www.amazon.in/JVX-Tshirt-Shirt-T-Shirt-MRT-221/dp/B0DVSZ4WX1/ref=sr_1_4?dib=eyJ2IjoiMSJ9.hSKYRKTD10ZojdwPhNLMTF5oDC7GswWijLM5oJaTsjMP9pUD1y6Bxr4Ggajims9l6tE-HWTzkpSJ8wJO4iBc4K8wsAGDF_cj0v0ldXM9ZnjktTvxWBZs1iIW6EejtrSiZyuNUhlmMxqxHuRWuI1oKom0MPaCe296d88J-MJo_Jv4hrn2oa5RDxS8lBuwUaw7VcCI3drZxK880pt_It-tPAslfrIgB0UXpvlBwPaMg-qaCZtjXtkPKK2zQfi-zXshjJ8Ho02lHLRqaOBuywmFafzpZECrasryxk4fFWnCboA.x7ZWwYx2EuTGOgjR9SjPTdPA9uiSv5qr4v0AxTUau6Y&dib_tag=se&keywords=mens+t+-shirts&qid=1750240535&sr=8-4,JVX Men Tshirt || Tshirt for Men || Polo T Shirt || T-Shirt (MRT-221),Brand: JVX,8,"[<selenium.webdriver.remote.webelement.WebElement (session=""d721f3dcbb1efc2b3e00e1496b584f05"", element=""f.D40A51E449A6624DFD1BC0BC22B47AFF.d.FD9019871D70804D6403EF4F94E63F21.e.455"")>, <selenium.webdriver.remote.webelement.WebElement (session=""d721f3dcbb1efc2b3e00e1496b584f05"", element=""f.D40A51E449A6624DFD1BC0BC22B47AFF.d.FD9019871D70804D6403EF4F94E63F21.e.456"")>, <selenium.webdriver.remote.webelement.WebElement (session=""d721f3dcbb1efc2b3e00e1496b584f05"", element=""f.D40A51E449A6624DFD1BC0BC22B47AFF.d.FD9019871D70804D6403EF4F94E63F21.e.457"")>, <selenium.webdriver.remote.webelement.WebElement (session=""d721f3dcbb1efc2b3e00e1496b584f05"", element=""f.D40A51E449A6624DFD1BC0BC22B47AFF.d.FD9019871D70804D6403EF4F94E63F21.e.458"")>, <selenium.webdriver.remote.webelement.WebElement (session=""d721f3dcbb1efc2b3e00e1496b584f05"", element=""f.D40A51E449A6624DFD1BC0BC22B47AFF.d.FD9019871D70804D6403EF4F94E63F21.e.459"")>]","[<selenium.webdriver.remote.webelement.WebElement (session=""d721f3dcbb1efc2b3e00e1496b584f05"", element=""f.D40A51E449A6624DFD1BC0BC22B47AFF.d.FD9019871D70804D6403EF4F94E63F21.e.461"")>, <selenium.webdriver.remote.webelement.WebElement (session=""d721f3dcbb1efc2b3e00e1496b584f05"", element=""f.D40A51E449A6624DFD1BC0BC22B47AFF.d.FD9019871D70804D6403EF4F94E63F21.e.462"")>, <selenium.webdriver.remote.webelement.WebElement (session=""d721f3dcbb1efc2b3e00e1496b584f05"", element=""f.D40A51E449A6624DFD1BC0BC22B47AFF.d.FD9019871D70804D6403EF4F94E63F21.e.463"")>]",Only 1 left in stock.,"FREE delivery Tuesday, 24 June on your first order. Order within 18 hrs 17 mins. Details",Cocoblu Retail
https://www.amazon.in/Lymio-T-Shirt-Printed-Shirt-B-Black/dp/B0CTSM7C3K/ref=sr_1_5?dib=eyJ2IjoiMSJ9.hSKYRKTD10ZojdwPhNLMTF5oDC7GswWijLM5oJaTsjMP9pUD1y6Bxr4Ggajims9l6tE-HWTzkpSJ8wJO4iBc4K8wsAGDF_cj0v0ldXM9ZnjktTvxWBZs1iIW6EejtrSiZyuNUhlmMxqxHuRWuI1oKom0MPaCe296d88J-MJo_Jv4hrn2oa5RDxS8lBuwUaw7VcCI3drZxK880pt_It-tPAslfrIgB0UXpvlBwPaMg-qaCZtjXtkPKK2zQfi-zXshjJ8Ho02lHLRqaOBuywmFafzpZECrasryxk4fFWnCboA.x7ZWwYx2EuTGOgjR9SjPTdPA9uiSv5qr4v0AxTUau6Y&dib_tag=se&keywords=mens+t+-shirts&qid=1750240535&sr=8-5,Lymio Men's Cotton Regular Fit T-Shirt,Visit the Lymio Store,9,"[<selenium.webdriver.remote.webelement.WebElement (session=""d721f3dcbb1efc2b3e00e1496b584f05"", element=""f.D40A51E449A6624DFD1BC0BC22B47AFF.d.ACD938F9CB21E7B6C2DE05963A1B1FE9.e.525"")>, <selenium.webdriver.remote.webelement.WebElement (session=""d721f3dcbb1efc2b3e00e1496b584f05"", element=""f.D40A51E449A6624DFD1BC0BC22B47AFF.d.ACD938F9CB21E7B6C2DE05963A1B1FE9.e.526"")>, <selenium.webdriver.remote.webelement.WebElement (session=""d721f3dcbb1efc2b3e00e1496b584f05"", element=""f.D40A51E449A6624DFD1BC0BC22B47AFF.d.ACD938F9CB21E7B6C2DE05963A1B1FE9.e.527"")>, <selenium.webdriver.remote.webelement.WebElement (session=""d721f3dcbb1efc2b3e00e1496b584f05"", element=""f.D40A51E449A6624DFD1BC0BC22B47AFF.d.ACD938F9CB21E7B6C2DE05963A1B1FE9.e.528"")>, <selenium.webdriver.remote.webelement.WebElement (session=""d721f3dcbb1efc2b3e00e1496b584f05"", element=""f.D40A51E449A6624DFD1BC0BC22B47AFF.d.ACD938F9CB21E7B6C2DE05963A1B1FE9.e.529"")>]","[<selenium.webdriver.remote.webelement.WebElement (session=""d721f3dcbb1efc2b3e00e1496b584f05"", element=""f.D40A51E449A6624DFD1BC0BC22B47AFF.d.ACD938F9CB21E7B6C2DE05963A1B1FE9.e.531"")>, <selenium.webdriver.remote.webelement.WebElement (session=""d721f3dcbb1efc2b3e00e1496b584f05"", element=""f.D40A51E449A6624DFD1BC0BC22B47AFF.d.ACD938F9CB21E7B6C2DE05963A1B1FE9.e.532"")>, <selenium.webdriver.remote.webelement.WebElement (session=""d721f3dcbb1efc2b3e00e1496b584f05"", element=""f.D40A51E449A6624DFD1BC0BC22B47AFF.d.ACD938F9CB21E7B6C2DE05963A1B1FE9.e.533"")>, <selenium.webdriver.remote.webelement.WebElement (session=""d721f3dcbb1efc2b3e00e1496b584f05"", element=""f.D40A51E449A6624DFD1BC0BC22B47AFF.d.ACD938F9CB21E7B6C2DE05963A1B1FE9.e.534"")>]",In stock,"FREE delivery Friday, 20 June on your first order. Details
Or fastest delivery Tomorrow, 19 June. Order within 8 hrs 32 mins. Details",Cocoblu Retail
https://www.amazon.in/NEVER-LOSE-Polyester-Running-XX-Large/dp/B0B1MNZ57P/ref=sr_1_6?dib=eyJ2IjoiMSJ9.hSKYRKTD10ZojdwPhNLMTF5oDC7GswWijLM5oJaTsjMP9pUD1y6Bxr4Ggajims9l6tE-HWTzkpSJ8wJO4iBc4K8wsAGDF_cj0v0ldXM9ZnjktTvxWBZs1iIW6EejtrSiZyuNUhlmMxqxHuRWuI1oKom0MPaCe296d88J-MJo_Jv4hrn2oa5RDxS8lBuwUaw7VcCI3drZxK880pt_It-tPAslfrIgB0UXpvlBwPaMg-qaCZtjXtkPKK2zQfi-zXshjJ8Ho02lHLRqaOBuywmFafzpZECrasryxk4fFWnCboA.x7ZWwYx2EuTGOgjR9SjPTdPA9uiSv5qr4v0AxTUau6Y&dib_tag=se&keywords=mens+t+-shirts&qid=1750240535&sr=8-6,NEVER LOSE Mens 2 Pack Polyester Yoga Short Men Summer Running Gym Sports Shorts with Pockets Shorts for Men,Visit the NEVER LOSE Store,11,"[<selenium.webdriver.remote.webelement.WebElement (session=""d721f3dcbb1efc2b3e00e1496b584f05"", element=""f.D40A51E449A6624DFD1BC0BC22B47AFF.d.FF9E8840E7B0C66339E0FE9295E5591B.e.604"")>, <selenium.webdriver.remote.webelement.WebElement (session=""d721f3dcbb1efc2b3e00e1496b584f05"", element=""f.D40A51E449A6624DFD1BC0BC22B47AFF.d.FF9E8840E7B0C66339E0FE9295E5591B.e.605"")>, <selenium.webdriver.remote.webelement.WebElement (session=""d721f3dcbb1efc2b3e00e1496b584f05"", element=""f.D40A51E449A6624DFD1BC0BC22B47AFF.d.FF9E8840E7B0C66339E0FE9295E5591B.e.606"")>, <selenium.webdriver.remote.webelement.WebElement (session=""d721f3dcbb1efc2b3e00e1496b584f05"", element=""f.D40A51E449A6624DFD1BC0BC22B47AFF.d.FF9E8840E7B0C66339E0FE9295E5591B.e.607"")>, <selenium.webdriver.remote.webelement.WebElement (session=""d721f3dcbb1efc2b3e00e1496b584f05"", element=""f.D40A51E449A6624DFD1BC0BC22B47AFF.d.FF9E8840E7B0C66339E0FE9295E5591B.e.608"")>]","[<selenium.webdriver.remote.webelement.WebElement (session=""d721f3dcbb1efc2b3e00e1496b584f05"", element=""f.D40A51E449A6624DFD1BC0BC22B47AFF.d.FF9E8840E7B0C66339E0FE9295E5591B.e.610"")>, <selenium.webdriver.remote.webelement.WebElement (session=""d721f3dcbb1efc2b3e00e1496b584f05"", element=""f.D40A51E449A6624DFD1BC0BC22B47AFF.d.FF9E8840E7B0C66339E0FE9295E5591B.e.611"")>, <selenium.webdriver.remote.webelement.WebElement (session=""d721f3dcbb1efc2b3e00e1496b584f05"", element=""f.D40A51E449A6624DFD1BC0BC22B47AFF.d.FF9E8840E7B0C66339E0FE9295E5591B.e.612"")>, <selenium.webdriver.remote.webelement.WebElement (session=""d721f3dcbb1efc2b3e00e1496b584f05"", element=""f.D40A51E449A6624DFD1BC0BC22B47AFF.d.FF9E8840E7B0C66339E0FE9295E5591B.e.613"")>, <selenium.webdriver.remote.webelement.WebElement (session=""d721f3dcbb1efc2b3e00e1496b584f05"", element=""f.D40A51E449A6624DFD1BC0BC22B47AFF.d.FF9E8840E7B0C66339E0FE9295E5591B.e.614"")>, <selenium.webdriver.remote.webelement.WebElement (session=""d721f3dcbb1efc2b3e00e1496b584f05"", element=""f.D40A51E449A6624DFD1BC0BC22B47AFF.d.FF9E8840E7B0C66339E0FE9295E5591B.e.615"")>]",In stock,"FREE delivery Monday, 23 June. Order within 23 hrs 31 mins. Details",Never Lose
https://www.amazon.in/VIMAL-JONNEY-Oversize-Tracksuit-Men-VIMAL52874-T_OS_PRT_60_MUD_D10_MUD___2-XL/dp/B0D1CC14CC/ref=sr_1_7?dib=eyJ2IjoiMSJ9.hSKYRKTD10ZojdwPhNLMTF5oDC7GswWijLM5oJaTsjMP9pUD1y6Bxr4Ggajims9l6tE-HWTzkpSJ8wJO4iBc4K8wsAGDF_cj0v0ldXM9ZnjktTvxWBZs1iIW6EejtrSiZyuNUhlmMxqxHuRWuI1oKom0MPaCe296d88J-MJo_Jv4hrn2oa5RDxS8lBuwUaw7VcCI3drZxK880pt_It-tPAslfrIgB0UXpvlBwPaMg-qaCZtjXtkPKK2zQfi-zXshjJ8Ho02lHLRqaOBuywmFafzpZECrasryxk4fFWnCboA.x7ZWwYx2EuTGOgjR9SjPTdPA9uiSv5qr4v0AxTUau6Y&dib_tag=se&keywords=mens+t+-shirts&qid=1750240535&sr=8-7,Mack Jonney Printed Round Neck Cotton Oversize Half sleeves Co-ord set Tracksuit For Men-P-MACK52845,Brand: Mack Jonney,16,"[<selenium.webdriver.remote.webelement.WebElement (session=""d721f3dcbb1efc2b3e00e1496b584f05"", element=""f.D40A51E449A6624DFD1BC0BC22B47AFF.d.758F69EF3E19C747F7CA413FAA84D30E.e.684"")>, <selenium.webdriver.remote.webelement.WebElement (session=""d721f3dcbb1efc2b3e00e1496b584f05"", element=""f.D40A51E449A6624DFD1BC0BC22B47AFF.d.758F69EF3E19C747F7CA413FAA84D30E.e.685"")>, <selenium.webdriver.remote.webelement.WebElement (session=""d721f3dcbb1efc2b3e00e1496b584f05"", element=""f.D40A51E449A6624DFD1BC0BC22B47AFF.d.758F69EF3E19C747F7CA413FAA84D30E.e.686"")>, <selenium.webdriver.remote.webelement.WebElement (session=""d721f3dcbb1efc2b3e00e1496b584f05"", element=""f.D40A51E449A6624DFD1BC0BC22B47AFF.d.758F69EF3E19C747F7CA413FAA84D30E.e.687"")>, <selenium.webdriver.remote.webelement.WebElement (session=""d721f3dcbb1efc2b3e00e1496b584f05"", element=""f.D40A51E449A6624DFD1BC0BC22B47AFF.d.758F69EF3E19C747F7CA413FAA84D30E.e.688"")>]","[<selenium.webdriver.remote.webelement.WebElement (session=""d721f3dcbb1efc2b3e00e1496b584f05"", element=""f.D40A51E449A6624DFD1BC0BC22B47AFF.d.758F69EF3E19C747F7CA413FAA84D30E.e.690"")>, <selenium.webdriver.remote.webelement.WebElement (session=""d721f3dcbb1efc2b3e00e1496b584f05"", element=""f.D40A51E449A6624DFD1BC0BC22B47AFF.d.758F69EF3E19C747F7CA413FAA84D30E.e.691"")>, <selenium.webdriver.remote.webelement.WebElement (session=""d721f3dcbb1efc2b3e00e1496b584f05"", element=""f.D40A51E449A6624DFD1BC0BC22B47AFF.d.758F69EF3E19C747F7CA413FAA84D30E.e.692"")>, <selenium.webdriver.remote.webelement.WebElement (session=""d721f3dcbb1efc2b3e00e1496b584f05"", element=""f.D40A51E449A6624DFD1BC0BC22B47AFF.d.758F69EF3E19C747F7CA413FAA84D30E.e.693"")>, <selenium.webdriver.remote.webelement.WebElement (session=""d721f3dcbb1efc2b3e00e1496b584f05"", element=""f.D40A51E449A6624DFD1BC0BC22B47AFF.d.758F69EF3E19C747F7CA413FAA84D30E.e.694"")>, <selenium.webdriver.remote.webelement.WebElement (session=""d721f3dcbb1efc2b3e00e1496b584f05"", element=""f.D40A51E449A6624DFD1BC0BC22B47AFF.d.758F69EF3E19C747F7CA413FAA84D30E.e.695"")>, <selenium.webdriver.remote.webelement.WebElement (session=""d721f3dcbb1efc2b3e00e1496b584f05"", element=""f.D40A51E449A6624DFD1BC0BC22B47AFF.d.758F69EF3E19C747F7CA413FAA84D30E.e.696"")>, <selenium.webdriver.remote.webelement.WebElement (session=""d721f3dcbb1efc2b3e00e1496b584f05"", element=""f.D40A51E449A6624DFD1BC0BC22B47AFF.d.758F69EF3E19C747F7CA413FAA84D30E.e.697"")>, <selenium.webdriver.remote.webelement.WebElement (session=""d721f3dcbb1efc2b3e00e1496b584f05"", element=""f.D40A51E449A6624DFD1BC0BC22B47AFF.d.758F69EF3E19C747F7CA413FAA84D30E.e.698"")>, <selenium.webdriver.remote.webelement.WebElement (session=""d721f3dcbb1efc2b3e00e1496b584f05"", element=""f.D40A51E449A6624DFD1BC0BC22B47AFF.d.758F69EF3E19C747F7CA413FAA84D30E.e.699"")>, <selenium.webdriver.remote.webelement.WebElement (session=""d721f3dcbb1efc2b3e00e1496b584f05"", element=""f.D40A51E449A6624DFD1BC0BC22B47AFF.d.758F69EF3E19C747F7CA413FAA84D30E.e.700"")>]",In stock,"FREE delivery Monday, 23 June. Details",VIMAL CLOTHING
https://www.amazon.in/LEOTUDE-Regular-Sleeve-T-Shirt-P44OLV62_P_Navy_XXL/dp/B08L9G4RCJ/ref=sr_1_8?dib=eyJ2IjoiMSJ9.hSKYRKTD10ZojdwPhNLMTF5oDC7GswWijLM5oJaTsjMP9pUD1y6Bxr4Ggajims9l6tE-HWTzkpSJ8wJO4iBc4K8wsAGDF_cj0v0ldXM9ZnjktTvxWBZs1iIW6EejtrSiZyuNUhlmMxqxHuRWuI1oKom0MPaCe296d88J-MJo_Jv4hrn2oa5RDxS8lBuwUaw7VcCI3drZxK880pt_It-tPAslfrIgB0UXpvlBwPaMg-qaCZtjXtkPKK2zQfi-zXshjJ8Ho02lHLRqaOBuywmFafzpZECrasryxk4fFWnCboA.x7ZWwYx2EuTGOgjR9SjPTdPA9uiSv5qr4v0AxTUau6Y&dib_tag=se&keywords=mens+t+-shirts&qid=1750240535&sr=8-8,LEOTUDE Men T-Shirt || Regular Fit T-Shirt For Men || Plain T Shirt || Polo T-Shirt || T-Shirt (Polo Multicolor),Visit the LEOTUDE Store,10,"[<selenium.webdriver.remote.webelement.WebElement (session=""d721f3dcbb1efc2b3e00e1496b584f05"", element=""f.D40A51E449A6624DFD1BC0BC22B47AFF.d.74CABD2225BB8B6C7A87726EA792B5E6.e.770"")>, <selenium.webdriver.remote.webelement.WebElement (session=""d721f3dcbb1efc2b3e00e1496b584f05"", element=""f.D40A51E449A6624DFD1BC0BC22B47AFF.d.74CABD2225BB8B6C7A87726EA792B5E6.e.771"")>, <selenium.webdriver.remote.webelement.WebElement (session=""d721f3dcbb1efc2b3e00e1496b584f05"", element=""f.D40A51E449A6624DFD1BC0BC22B47AFF.d.74CABD2225BB8B6C7A87726EA792B5E6.e.772"")>, <selenium.webdriver.remote.webelement.WebElement (session=""d721f3dcbb1efc2b3e00e1496b584f05"", element=""f.D40A51E449A6624DFD1BC0BC22B47AFF.d.74CABD2225BB8B6C7A87726EA792B5E6.e.773"")>, <selenium.webdriver.remote.webelement.WebElement (session=""d721f3dcbb1efc2b3e00e1496b584f05"", element=""f.D40A51E449A6624DFD1BC0BC22B47AFF.d.74CABD2225BB8B6C7A87726EA792B5E6.e.774"")>, <selenium.webdriver.remote.webelement.WebElement (session=""d721f3dcbb1efc2b3e00e1496b584f05"", element=""f.D40A51E449A6624DFD1BC0BC22B47AFF.d.74CABD2225BB8B6C7A87726EA792B5E6.e.775"")>]","[<selenium.webdriver.remote.webelement.WebElement (session=""d721f3dcbb1efc2b3e00e1496b584f05"", element=""f.D40A51E449A6624DFD1BC0BC22B47AFF.d.74CABD2225BB8B6C7A87726EA792B5E6.e.777"")>, <selenium.webdriver.remote.webelement.WebElement (session=""d721f3dcbb1efc2b3e00e1496b584f05"", element=""f.D40A51E449A6624DFD1BC0BC22B47AFF.d.74CABD2225BB8B6C7A87726EA792B5E6.e.778"")>, <selenium.webdriver.remote.webelement.WebElement (session=""d721f3dcbb1efc2b3e00e1496b584f05"", element=""f.D40A51E449A6624DFD1BC0BC22B47AFF.d.74CABD2225BB8B6C7A87726EA792B5E6.e.779"")>, <selenium.webdriver.remote.webelement.WebElement (session=""d721f3dcbb1efc2b3e00e1496b584f05"", element=""f.D40A51E449A6624DFD1BC0BC22B47AFF.d.74CABD2225BB8B6C7A87726EA792B5E6.e.780"")>]",In stock,"FREE delivery Friday, 20 June on your first order. Order within 8 hrs 31 mins. Details",Leotude Lifestyle Private Limited
https://www.amazon.in/Lymio-T-Shirt-Printed-Shirt-Brown/dp/B0CTT5YMVL/ref=sr_1_9?dib=eyJ2IjoiMSJ9.hSKYRKTD10ZojdwPhNLMTF5oDC7GswWijLM5oJaTsjMP9pUD1y6Bxr4Ggajims9l6tE-HWTzkpSJ8wJO4iBc4K8wsAGDF_cj0v0ldXM9ZnjktTvxWBZs1iIW6EejtrSiZyuNUhlmMxqxHuRWuI1oKom0MPaCe296d88J-MJo_Jv4hrn2oa5RDxS8lBuwUaw7VcCI3drZxK880pt_It-tPAslfrIgB0UXpvlBwPaMg-qaCZtjXtkPKK2zQfi-zXshjJ8Ho02lHLRqaOBuywmFafzpZECrasryxk4fFWnCboA.x7ZWwYx2EuTGOgjR9SjPTdPA9uiSv5qr4v0AxTUau6Y&dib_tag=se&keywords=mens+t+-shirts&qid=1750240535&sr=8-9,Lymio Men's Cotton Regular Fit T-Shirt,Visit the Lymio Store,10,"[<selenium.webdriver.remote.webelement.WebElement (session=""d721f3dcbb1efc2b3e00e1496b584f05"", element=""f.D40A51E449A6624DFD1BC0BC22B47AFF.d.64816FF2D87AD4B270EE41527DAADA4C.e.836"")>, <selenium.webdriver.remote.webelement.WebElement (session=""d721f3dcbb1efc2b3e00e1496b584f05"", element=""f.D40A51E449A6624DFD1BC0BC22B47AFF.d.64816FF2D87AD4B270EE41527DAADA4C.e.837"")>, <selenium.webdriver.remote.webelement.WebElement (session=""d721f3dcbb1efc2b3e00e1496b584f05"", element=""f.D40A51E449A6624DFD1BC0BC22B47AFF.d.64816FF2D87AD4B270EE41527DAADA4C.e.838"")>, <selenium.webdriver.remote.webelement.WebElement (session=""d721f3dcbb1efc2b3e00e1496b584f05"", element=""f.D40A51E449A6624DFD1BC0BC22B47AFF.d.64816FF2D87AD4B270EE41527DAADA4C.e.839"")>, <selenium.webdriver.remote.webelement.WebElement (session=""d721f3dcbb1efc2b3e00e1496b584f05"", element=""f.D40A51E449A6624DFD1BC0BC22B47AFF.d.64816FF2D87AD4B270EE41527DAADA4C.e.840"")>]","[<selenium.webdriver.remote.webelement.WebElement (session=""d721f3dcbb1efc2b3e00e1496b584f05"", element=""f.D40A51E449A6624DFD1BC0BC22B47AFF.d.64816FF2D87AD4B270EE41527DAADA4C.e.842"")>, <selenium.webdriver.remote.webelement.WebElement (session=""d721f3dcbb1efc2b3e00e1496b584f05"", element=""f.D40A51E449A6624DFD1BC0BC22B47AFF.d.64816FF2D87AD4B270EE41527DAADA4C.e.843"")>, <selenium.webdriver.remote.webelement.WebElement (session=""d721f3dcbb1efc2b3e00e1496b584f05"", element=""f.D40A51E449A6624DFD1BC0BC22B47AFF.d.64816FF2D87AD4B270EE41527DAADA4C.e.844"")>, <selenium.webdriver.remote.webelement.WebElement (session=""d721f3dcbb1efc2b3e00e1496b584f05"", element=""f.D40A51E449A6624DFD1BC0BC22B47AFF.d.64816FF2D87AD4B270EE41527DAADA4C.e.845"")>, <selenium.webdriver.remote.webelement.WebElement (session=""d721f3dcbb1efc2b3e00e1496b584f05"", element=""f.D40A51E449A6624DFD1BC0BC22B47AFF.d.64816FF2D87AD4B270EE41527DAADA4C.e.846"")>]",Only 1 left in stock.,"FREE delivery Monday, 23 June on your first order. Details",Cocoblu Retail
https://www.amazon.in/LEOTUDE-Regular-Sleeve-T-Shirt-P46_Anthra_P_Anthra_3XL/dp/B0DCNLJ1HL/ref=sr_1_10?dib=eyJ2IjoiMSJ9.hSKYRKTD10ZojdwPhNLMTF5oDC7GswWijLM5oJaTsjMP9pUD1y6Bxr4Ggajims9l6tE-HWTzkpSJ8wJO4iBc4K8wsAGDF_cj0v0ldXM9ZnjktTvxWBZs1iIW6EejtrSiZyuNUhlmMxqxHuRWuI1oKom0MPaCe296d88J-MJo_Jv4hrn2oa5RDxS8lBuwUaw7VcCI3drZxK880pt_It-tPAslfrIgB0UXpvlBwPaMg-qaCZtjXtkPKK2zQfi-zXshjJ8Ho02lHLRqaOBuywmFafzpZECrasryxk4fFWnCboA.x7ZWwYx2EuTGOgjR9SjPTdPA9uiSv5qr4v0AxTUau6Y&dib_tag=se&keywords=mens+t+-shirts&qid=1750240535&sr=8-10,LEOTUDE Men Regular Fit T-Shirt || T-Shirt For Men || Plain T Shirt || Polo T-Shirt || T-Shirt (T-Shirt),Visit the LEOTUDE Store,10,"[<selenium.webdriver.remote.webelement.WebElement (session=""d721f3dcbb1efc2b3e00e1496b584f05"", element=""f.D40A51E449A6624DFD1BC0BC22B47AFF.d.48474A9FCAE28A55F25F5D1C74BB02ED.e.907"")>, <selenium.webdriver.remote.webelement.WebElement (session=""d721f3dcbb1efc2b3e00e1496b584f05"", element=""f.D40A51E449A6624DFD1BC0BC22B47AFF.d.48474A9FCAE28A55F25F5D1C74BB02ED.e.908"")>, <selenium.webdriver.remote.webelement.WebElement (session=""d721f3dcbb1efc2b3e00e1496b584f05"", element=""f.D40A51E449A6624DFD1BC0BC22B47AFF.d.48474A9FCAE28A55F25F5D1C74BB02ED.e.909"")>, <selenium.webdriver.remote.webelement.WebElement (session=""d721f3dcbb1efc2b3e00e1496b584f05"", element=""f.D40A51E449A6624DFD1BC0BC22B47AFF.d.48474A9FCAE28A55F25F5D1C74BB02ED.e.910"")>, <selenium.webdriver.remote.webelement.WebElement (session=""d721f3dcbb1efc2b3e00e1496b584f05"", element=""f.D40A51E449A6624DFD1BC0BC22B47AFF.d.48474A9FCAE28A55F25F5D1C74BB02ED.e.911"")>, <selenium.webdriver.remote.webelement.WebElement (session=""d721f3dcbb1efc2b3e00e1496b584f05"", element=""f.D40A51E449A6624DFD1BC0BC22B47AFF.d.48474A9FCAE28A55F25F5D1C74BB02ED.e.912"")>]","[<selenium.webdriver.remote.webelement.WebElement (session=""d721f3dcbb1efc2b3e00e1496b584f05"", element=""f.D40A51E449A6624DFD1BC0BC22B47AFF.d.48474A9FCAE28A55F25F5D1C74BB02ED.e.914"")>, <selenium.webdriver.remote.webelement.WebElement (session=""d721f3dcbb1efc2b3e00e1496b584f05"", element=""f.D40A51E449A6624DFD1BC0BC22B47AFF.d.48474A9FCAE28A55F25F5D1C74BB02ED.e.915"")>, <selenium.webdriver.remote.webelement.WebElement (session=""d721f3dcbb1efc2b3e00e1496b584f05"", element=""f.D40A51E449A6624DFD1BC0BC22B47AFF.d.48474A9FCAE28A55F25F5D1C74BB02ED.e.916"")>, <selenium.webdriver.remote.webelement.WebElement (session=""d721f3dcbb1efc2b3e00e1496b584f05"", element=""f.D40A51E449A6624DFD1BC0BC22B47AFF.d.48474A9FCAE28A55F25F5D1C74BB02ED.e.917"")>]",In stock,"FREE delivery Friday, 20 June on your first order. Details
Or fastest delivery Tomorrow, 19 June. Order within 8 hrs 31 mins. Details",Leotude Lifestyle Private Limited
